{"_wandb":{"runtime":86},"_runtime":86,"_step":1,"train_loss":0.26864778995513916,"epoch":0,"trainer/global_step":99,"_timestamp":1.7679285308198879e+09}